USA,84209472
India,43121600
Brazil,30682094
France,29160802
Germany,25774508
UK,22159804
Russia,18255336
South Korea,17756628
Italy,17030712
Turkey,15053168
Spain,12127122
Viet Nam,10695036
Argentina,9101319
Japan,8299584
Netherlands,8067116
Iran,7227683
Australia,6551624
Colombia,6095316
Indonesia,6050519
Poland,6003297
Mexico,5745652
Ukraine,5006460
Malaysia,4475873
Thailand,4367752
Austria,4209157
Belgium,4116397
Israel,4105369
Portugal,4066674
Czech Republic,3915704
South Africa,3887449
Canada,3821346
Philippines,3687922
Switzerland,3631881
Chile,3600896
Peru,3571919
Greece,3389306
Denmark,2976215
Romania,2902790
Sweden,2504894
Iraq,2326356
Serbia,2012597
Bangladesh,1952979
Hungary,1909948
Slovakia,1786914
Jordan,1694216
Georgia,1655221
Ireland,1535451
Pakistan,1529165
Norway,1429717
Kazakhstan,1305636
Singapore,1240233
China Hong Kong Sar,1208247
Morocco,1165706
Bulgaria,1161504
Croatia,1131105
Cuba,1104496
Lebanon,1097956
Finland,1069740
Lithuania,1060594
Tunisia,1041197
New Zealand,1037855
Slovenia,1019468
