USA,84209473,0
India,43121599,0.004
Brazil,30682094,0.009
France,29160802,0.013
Germany,25780226,0.018
UK,22159805,0.022
Russia,18260293,0.027
South Korea,17782061,0.031
Italy,17057873,0.036
Turkey,15053168,0.04
Spain,12127122,0.044
Viet Nam,10696630,0.049
Argentina,9101319,0.053
Japan,8338211,0.058
Netherlands,8067116,0.062
Iran,7228051,0.067
Australia,6593795,0.071
Colombia,6095316,0.076
Indonesia,6050776,0.08
Poland,6003436,0.084
Mexico,5745652,0.089
Ukraine,5006460,0.093
Malaysia,4475873,0.098
Thailand,4373846,0.102
Austria,4212492,0.107
Belgium,4116397,0.111
Israel,4106793,0.116
Portugal,4066674,0.12
Czech Republic,3915847,0.124
South Africa,3887449,0.129
Canada,3821346,0.133
Philippines,3687922,0.138
Switzerland,3631881,0.142
Chile,3605522,0.147
Peru,3571919,0.151
Greece,3392575,0.156
Denmark,2976667,0.16
Romania,2903072,0.164
Sweden,2504894,0.169
Iraq,2326458,0.173
Serbia,2012836,0.178
Bangladesh,1953012,0.182
Hungary,1909948,0.187
Slovakia,1787093,0.191
Jordan,1694216,0.196
Georgia,1655221,0.2
Ireland,1535451,0.204
Pakistan,1529249,0.209
Norway,1429717,0.213
Kazakhstan,1305636,0.218
Singapore,1240233,0.222
China Hong Kong Sar,1208506,0.227
Morocco,1165795,0.231
Bulgaria,1161504,0.236
Croatia,1131450,0.24
Cuba,1104589,0.244
Lebanon,1097956,0.249
Finland,1069740,0.253
Lithuania,1060619,0.258
New Zealand,1043683,0.262
Tunisia,1041197,0.267
Slovenia,1019468,0.271
Belarus,982867,0.276
Nepal,978998,0.28
Bolivia,906146,0.284
Uruguay,902540,0.289
United Arab Emirates,902484,0.293
Ecuador,872268,0.298
Costa Rica,866164,0.302
Guatemala,851877,0.307
Latvia,825699,0.311
Panama,806277,0.316
Azerbaijan,792638,0.32
Taiwan,768543,0.324
Saudi Arabia,759226,0.329
Sri Lanka,663671,0.333
Paraguay,649718,0.338
Kuwait,632074,0.342
Myanmar,613140,0.347
State Of Palestine,582119,0.351
Dominican Republic,580412,0.356
Bahrain,576997,0.36
Estonia,573922,0.364
Venezuela,522921,0.369
Moldova,516986,0.373
Egypt,515645,0.378
Libya,501904,0.382
Cyprus,477711,0.387
Ethiopia,470937,0.391
Mongolia,469885,0.396
Honduras,424390,0.4
Armenia,422896,0.404
Reunion,405980,0.409
Oman,389408,0.413
Bosnia And Herzegovina,377511,0.418
Qatar,366179,0.422
Kenya,324026,0.427
Zambia,320591,0.431
Macedonia,310684,0.436
Botswana,306324,0.44
Albania,275574,0.444
Algeria,265816,0.449
Nigeria,255859,0.453
Zimbabwe,249206,0.458
Luxembourg,244182,0.462
Uzbekistan,238802,0.467
Montenegro,236277,0.471
Mozambique,225493,0.476
China,221804,0.48
Laos,209386,0.484
Kyrgyzstan,200993,0.489
Iceland,186545,0.493
Maldives,179483,0.498
Afghanistan,179267,0.502
Uganda,164069,0.507
El Salvador,162089,0.511
Ghana,161280,0.516
Namibia,160074,0.52
Trinidad And Tobago,154643,0.524
Martinique,153253,0.529
Brunei Darussalam,144659,0.533
Guadeloupe,140130,0.538
Cambodia,136262,0.542
Jamaica,131980,0.547
Rwanda,129907,0.551
Cameroon,119780,0.556
Angola,99194,0.56
Malta,93508,0.564
Democratic Republic Of The Congo,87023,0.569
Senegal,86039,0.573
Malawi,85887,0.578
Cote D Ivoire,81989,0.582
French Guiana,81784,0.587
Suriname,80008,0.591
Barbados,76261,0.596
Channel Islands,75275,0.6
French Polynesia,72821,0.604
Swaziland,71698,0.609
Fiji,64773,0.613
Madagascar,64236,0.618
Guyana,63804,0.622
Sudan,62161,0.627
New Caledonia,61049,0.631
Bhutan,59570,0.636
Mauritania,58840,0.64
Belize,57896,0.644
Cabo Verde,56105,0.649
Syria,55869,0.653
Gabon,47608,0.658
Papua New Guinea,43876,0.662
Seychelles,43235,0.667
Curacao,43017,0.671
Andorra,42156,0.676
Burundi,41235,0.68
Mauritius,37843,0.684
Mayotte,37363,0.689
Togo,37023,0.693
Guinea,36597,0.698
Aruba,35693,0.702
Tanzania,35354,0.707
Faeroe Islands,34658,0.711
Bahamas,33871,0.716
Lesotho,32910,0.72
Mali,31003,0.724
Haiti,30713,0.729
Isle Of Man,28416,0.733
Benin,26952,0.738
Somalia,26518,0.742
Saint Lucia,24267,0.747
Congo,24079,0.751
Cayman Islands,23578,0.756
Timor Leste,22889,0.76
Burkina Faso,20853,0.764
Nicaragua,18491,0.769
Solomon Islands,18174,0.773
Gibraltar,18129,0.778
South Sudan,17525,0.782
Tajikistan,17388,0.787
Liechtenstein,17347,0.791
San Marino,16852,0.796
Grenada,16344,0.8
Equatorial Guinea,15910,0.804
Djibouti,15631,0.809
Central African Republic,14649,0.813
Bermuda,14135,0.818
Dominica,12685,0.822
Monaco,12004,0.827
Gambia,11999,0.831
Greenland,11971,0.836
Yemen,11819,0.84
Samoa,11313,0.844
Tonga,11049,0.849
Saint Martin,10602,0.853
Sint Maarten,10123,0.858
Caribbean Netherlands,9915,0.862
Eritrea,9745,0.867
Niger,9013,0.871
Vanuatu,8457,0.876
Guinea Bissau,8222,0.88
Comoros,8100,0.884
Antigua And Barbuda,7721,0.889
Sierra Leone,7682,0.893
Liberia,7451,0.898
Chad,7414,0.902
Saint Vincent And The Grenadines,6799,0.907
British Virgin Islands,6573,0.911
Turks And Caicos Islands,6046,0.916
Sao Tome And Principe,5970,0.92
Saint Kitts And Nevis,5605,0.924
Cook Islands,5410,0.929
Palau,4879,0.933
Saint Barthelemy,4611,0.938
Kiribati,3093,0.942
Anguilla,2984,0.947
Saint Pierre And Miquelon,2739,0.951
Falkland Islands Malvinas,1126,0.956
Montserrat,747,0.96
Wallis And Futuna Islands,454,0.964
China Macao Sar,82,0.969
Holy See,29,0.973
Marshall Islands,17,0.978
Western Sahara,10,0.982
Niue,9,0.987
Nauru,8,0.991
Micronesia,7,0.996
Saint Helena,2,1
