USA,84209473
India,43121599
Brazil,30682094
France,29160802
Germany,25780226
UK,22159805
Russia,18260293
South Korea,17782061
Italy,17057873
Turkey,15053168
Spain,12127122
Viet Nam,10696630
Argentina,9101319
Japan,8338211
Netherlands,8067116
Iran,7228051
Australia,6593795
Colombia,6095316
Indonesia,6050776
Poland,6003436
Mexico,5745652
Ukraine,5006460
Malaysia,4475873
Thailand,4373846
Austria,4212492
Belgium,4116397
Israel,4106793
Portugal,4066674
Czech Republic,3915847
South Africa,3887449
Canada,3821346
Philippines,3687922
Switzerland,3631881
Chile,3605522
Peru,3571919
Greece,3392575
Denmark,2976667
Romania,2903072
Sweden,2504894
Iraq,2326458
